Name,Source,Page,Type,Rarity,Weight,PropertyList,Range,Reload,Dmg1,DmgType,AmmoType,Value,PackContents,VersatilityDmg,IsFirearm,IsWeapon,WeaponBase,IsArmor,ArmorAC,Entries1,Entries2,RequirementStrength,StealthEffect,AttributeEffects
Abacus ,PHB,148,ADG,Normal,2,TG,,,,,,2,,,FALSE,FALSE,,FALSE,,A standard tool used to make calculations.,,,FALSE,FALSE
Acid (vial) ,PHB,148,ADG,Normal,1,"RA, ME",,,,,,25,,,FALSE,FALSE,,FALSE,,"As an action, you can splash the contents of this vial onto a creature within 5 feet of you or throw the vial up to 20 feet, shattering it on impact. In either case, make a ranged attack against a creature or object, treating the acid as an improvised weapon. On a hit, the target takes 2d6 acid damage.",,,FALSE,FALSE
Alchemist’s fire (flask) ,PHB,148,ADG,Normal,1,"RA, ME",,,,,,50,,,FALSE,FALSE,,FALSE,,"This sticky, adhesive fluid ignites when exposed to air. As an action, you can throw this flask up to 20 feet, shattering it on impact. Make a ranged attack against a creature or object, treating the alchemist's fire as an improvised weapon. On a hit, the target takes 1d4 fire damage at the start of each of its turns. A creature can end this damage by using its action to make a DC 10 Dexterity check to extinguish the flames.",,,FALSE,FALSE
Antitoxin (vial) ,PHB,148,ADG,Normal,0,CON,,,,,,50,,,FALSE,FALSE,,FALSE,,A creature that drinks this vial of liquid gains advantage on saving throws against poison for 1 hour. It confers no benefit to undead or constructs.,,,FALSE,FALSE
Backpack ,PHB,148,ADG,Normal,5,BAG,,,,,,2,,,FALSE,FALSE,,FALSE,,"A backpack is a leather pack carried on the back, typically with straps to secure it. A backpack can hold 1 cubic foot/ 30 pounds of gear. You can also strap items, such as a bedroll or a coil of rope, to the outside of a backpack.",,,FALSE,FALSE
"Ball bearings (bag o f 1,000) ",PHB,148,ADG,Normal,2,UTI,,,,,,1,1000,,FALSE,FALSE,,FALSE,,"As an action, you can spill these tiny metal balls from their pouch to cover a level, square area that is 10 feet on a side. A creature moving across the covered area must succeed on a DC 10 Dexterity saving throw or fall prone. A creature moving through the area at half speed doesn't need to make the save.",,,FALSE,FALSE
Barrel ,PHB,148,ADG,Normal,70,"BAG, UTI",,,,,,2,,,FALSE,FALSE,,FALSE,,"A barrel can hold 40 gallons of liquid, or 4 cubic feet of solid material.",,,FALSE,FALSE
Basket ,PHB,148,ADG,Normal,2,"BAG, UTI",,,,,,0.4,,,FALSE,FALSE,,FALSE,,A basket can hold 2 cubic feet/40 pounds of gear.,,,FALSE,FALSE
Bedroll ,PHB,148,ADG,Normal,7,UTI,,,,,,1,,,FALSE,FALSE,,FALSE,,"You never know where you’re going to sleep, and a bedroll helps you get better sleep in a hayloft or on the cold ground. A bedroll consists of bedding and a blanket thin enough to be rolled up and tied. In an emergency, it can double as a stretcher.",,,FALSE,FALSE
Bell ,PHB,148,ADG,Normal,0,"TG, UTI",,,,,,1,,,FALSE,FALSE,,FALSE,,"A standard bell that rings, typically used for signaling.",,,FALSE,FALSE
Bit and Bridle,PHB,148,ADG,Normal,1,"TG, UTI",,,,,,2,,,FALSE,FALSE,,FALSE,,Standard equipment used to direct a mount.,,,FALSE,FALSE
Blanket ,PHB,148,ADG,Normal,3,"TG, UTI",,,,,,0.5,,,FALSE,FALSE,,FALSE,,"A thick, quilted, blanket made to keep you warm in cold weather.",,,FALSE,FALSE
Block and tackle ,PHB,148,ADG,Normal,5,"TG, UTI",,,,,,1,,,FALSE,FALSE,,FALSE,,"A set of pulleys with a cable threaded through them and a hook to attach to objects, a block and tackle allows you to hoist up to four times the weight you can normally lift.",,,FALSE,FALSE
Book ,PHB,148,ADG,Normal,5,"TG, UTI",,,,,,25,,,FALSE,FALSE,,FALSE,,"A book might contain poetry, historical accounts, information pertaining to a particular field of lore, diagrams and notes on gnomish contraptions, or just about anything else that can be represented using text or pictures. A book of spells is a spellbook.",,,FALSE,FALSE
"Bottle, glass ",PHB,148,ADG,Normal,2,"UTI, BAG",,,,,,2,,,FALSE,FALSE,,FALSE,,A bottle can hold 1 1/2 pints of liquid.,,,FALSE,FALSE
Bucket ,PHB,148,ADG,Normal,2,"BAG, UTI",,,,,,0.05,,,FALSE,FALSE,,FALSE,,"A bucket can hold 3 gallons of liquid, or 1/2 cubic foot of solid material.",,,FALSE,FALSE
Caltrops (bag of 20) ,PHB,148,ADG,Normal,2,UTI,,,,,,1,20,,FALSE,FALSE,,FALSE,,"As an action, you can spread a bag of caltrops to cover a square area that is 5 feet on a side. Any creature that enters the area must succeed on a DC 15 Dexterity saving throw or stop moving this turn and take 1 piercing damage. Taking this damage reduces the creature's walking speed by 10 feet until the creature regains at least 1 hit point. A creature moving through the area at half speed doesn't need to make the save.",,,FALSE,FALSE
Candle ,PHB,148,ADG,Normal,0,UTI,,,,,,0.01,,,FALSE,FALSE,,FALSE,,"For 1 hour, a candle sheds bright light in a 5-foot radius and dim light for an additional 5 feet.",,,FALSE,FALSE
"Case, crossbow bolt ",PHB,148,ADG,Normal,1,"BAG, UTI, TG",,,,,,1,,,FALSE,FALSE,,FALSE,,This wooden case can hold up to twenty crossbow bolts.,,,FALSE,FALSE
"Case, map or scroll ",PHB,148,ADG,Normal,1,"BAG, UTI, TG",,,,,,1,,,FALSE,FALSE,,FALSE,,This cylindrical leather case can hold up to ten rolled-up sheets of paper or five rolled-up sheets of parchment.,,,FALSE,FALSE
Chain (10 feet) ,PHB,148,ADG,Normal,10,UTI,,,,,,5,,,FALSE,FALSE,,FALSE,,A chain has 10 hit points. It can be burst with a successful DC 20 Strength check.,,,FALSE,FALSE
Chalk (1 piece) ,PHB,148,ADG,Normal,0,"TG, UTI",,,,,,0.01,,,FALSE,FALSE,,FALSE,,A piece of chalk used for writing and marking on various surfaces.,,,FALSE,FALSE
Chest ,PHB,148,ADG,Normal,25,"TG, BAG, UTI",,,,,,5,,,FALSE,FALSE,,FALSE,,A chest can hold 12 cubic feet/ 300 pounds of gear.,,,FALSE,FALSE
Climber's kit ,PHB,148,ADG,Normal,12,UTI,,,,,,25,,,FALSE,FALSE,,FALSE,,"A climber's kit includes special pitons, boot tips, gloves, and a harness. You can use the climber's kit as an action to anchor yourself; when you do, you can't fall more than 25 feet from the point where you anchored yourself, and you can't climb more than 25 feet away from that point without undoing the anchor.",,,FALSE,FALSE
"Clothes, common ",PHB,148,ADG,Normal,3,"UTI, TG",,,,,,0.5,,,FALSE,FALSE,,FALSE,,"This set of clothes could consist of a loose shirt and baggy breeches, or a loose shirt and skirt or overdress. Cloth wrappings are used for shoes.",,,FALSE,FALSE
"Clothes, costume ",PHB,148,ADG,Normal,4,"TG, UTI",,,,,,5,,,FALSE,FALSE,,FALSE,,"This set of clothes is fashioned after a particular costume, typically meant for entertaining.",,,FALSE,FALSE
"Clothes, fine ",PHB,148,ADG,Normal,6,"TG, UTI",,,,,,15,,,FALSE,FALSE,,FALSE,,"This set of clothes is designed specifically to be expensive and to show it, including fancy, tailored clothes in whatever fashion happens to be the current style in the courts of the nobles. Precious metals and gems could be worked into the clothing.",,,FALSE,FALSE
"Clothes, traveler’s ",PHB,148,ADG,Normal,4,"TG, UTI",,,,,,2,,,FALSE,FALSE,,FALSE,,"This set of clothes could consist of boots, a wool skirt or breeches, a sturdy belt, a shirt (perhaps with a vest or jacket), and an ample cloak with a hood.",,,FALSE,FALSE
Component pouch ,PHB,148,ADG,Normal,2,"TG, UTI, FOC, BAG",,,,,,25,,,FALSE,FALSE,,FALSE,,"A component pouch is a small, watertight leather belt pouch that has compartments to hold all the material components and other special items you need to cast your spells, except for those components that have a specific cost (as indicated in a spell's description).",,,FALSE,FALSE
Crowbar ,PHB,148,ADG,Normal,5,UTI,,,,,,2,,,FALSE,FALSE,,FALSE,,Using a crowbar grants advantage to Strength checks where the crowbar's leverage can be applied.,,,FALSE,FALSE
Feed (per day),DMG,157,ADG,Normal,10,"CON, UTI, TG",,,,,,0.05,,,FALSE,FALSE,,FALSE,,Standard feed typically consumed by a mount per day.,,,FALSE,FALSE
Fishing tackle ,PHB,148,ADG,Normal,4,UTI,,,,,,1,,,FALSE,FALSE,,FALSE,,"This kit includes a wooden rod, silken line, corkwood bobbers, steel hooks, lead sinkers, velvet lures, and narrow netting.",,,FALSE,FALSE
Flask or tankard ,PHB,148,ADG,Normal,1,"BAG, CON, UTI, TG",,,,,,0.02,,,FALSE,FALSE,,FALSE,,A flask or tankard can hold 1 pint of liquid.,,,FALSE,FALSE
Grappling hook ,PHB,148,ADG,Normal,4,UTI,,,,,,2,,,FALSE,FALSE,,FALSE,,"When tied to the end of a rope, a grappling hook can secure the rope to a battlement, window ledge, tree limb, or other protrusion.",,,FALSE,FALSE
Hammer ,PHB,148,ADG,Normal,3,UTI,,,,,,1,,,FALSE,FALSE,,FALSE,,This one-handed hammer with an iron head is useful for pounding pitons into a wall.,,,FALSE,FALSE
"Hammer, sledge ",PHB,148,ADG,Normal,10,UTI,,,,,,2,,,FALSE,FALSE,,FALSE,,"This two-handed, iron-headed hammer is good for smashing open treasure chests.",,,FALSE,FALSE
Healer’s kit ,PHB,148,ADG,Normal,3,UTI,,,,,,5,,,FALSE,FALSE,,FALSE,,"This kit is a leather pouch containing bandages, salves, and splints. The kit has ten uses. As an action, you can expend one use of the kit to stabilize a creature that has 0 hit points, without needing to make a Wisdom (Medicine) check.",,,FALSE,FALSE
Holy water (flask) ,PHB,148,ADG,Normal,1,"CON, BAG, UTI",,,,,,25,,,FALSE,FALSE,,FALSE,,"As an action, you can splash the contents of this flask onto a creature within 5 feet of you or throw it up to 20 feet, shattering it on impact. In either case, make a ranged attack against a target creature, treating the holy water as an improvised weapon. If the target is a fiend or undead, it takes 2d6 radiant damage.","A cleric or paladin may create holy water by performing a special ritual. The ritual takes 1 hour to perform, uses 25 gp worth of powdered silver, and requires the caster to expend a 1st-level spell slot.",,FALSE,FALSE
Hourglass ,PHB,148,ADG,Normal,1,"TG, UTI",,,,,,25,,,FALSE,FALSE,,FALSE,,A standard hourglass used to measure the passage of time.,,,FALSE,FALSE
Hunting trap ,PHB,148,ADG,Normal,25,"TG, UTI",,,,,,5,,,FALSE,FALSE,,FALSE,,"When you use your action to set it, this trap forms a saw-toothed steel ring that snaps shut when a creature steps on a pressure plate in the center. The trap is affixed by a heavy chain to an immobile object, such as a tree or a spike driven into the ground. A creature that steps on the plate must succeed on a DC 13 Dexterity saving throw or take 1d4 piercing damage and stop moving. Thereafter, until the creature breaks free of the trap, its movement is limited by the length of the chain (typically 3 feet long). A creature can use its action to make a DC 13 Strength check, freeing itself or another creature within its reach on a success. Each failed check deals 1 piercing damage to the trapped creature.",,,FALSE,FALSE
Ink (1 ounce bottle) ,PHB,148,ADG,Normal,0,"TG, UTI",,,,,,10,,,FALSE,FALSE,,FALSE,,Ink is typically used with an ink pen to write.,,,FALSE,FALSE
Ink pen ,PHB,148,ADG,Normal,0,"TG, UTI",,,,,,0.02,,,FALSE,FALSE,,FALSE,,An ink pen is a wooden stick with a special tip on the end. The tip draws ink in when dipped in a vial and leaves an ink trail when drawn across a surface.,,,FALSE,FALSE
Jug or pitcher ,PHB,148,ADG,Normal,4,"TG, UTI, BAG",,,,,,0.02,,,FALSE,FALSE,,FALSE,,A jug or pitcher can hold 1 gallon of liquid.,,,FALSE,FALSE
Ladder (10-foot) ,PHB,148,ADG,Normal,25,"TG, UTI",,,,,,0.1,,,FALSE,FALSE,,FALSE,,"This item is a straight, simple wooden ladder.",,,FALSE,FALSE
Lamp ,PHB,148,ADG,Normal,1,"TG, UTI",,,,,,0.5,,,FALSE,FALSE,,FALSE,,"A lamp casts bright light in a 15-foot radius and dim light for an additional 30 feet. Once lit, it burns for 6 hours on a flask (1 pint) of oil.",,,FALSE,FALSE
"Lantern, bullseye ",PHB,148,ADG,Normal,2,"TG, UTI",,,,,,10,,,FALSE,FALSE,,FALSE,,"A bullseye lantern casts bright light in a 60-foot cone and dim light for an additional 60 feet. Once lit, it burns for 6 hours on a flask (1 pint) of oil.",,,FALSE,FALSE
"Lantern, hooded ",PHB,148,ADG,Normal,2,"TG, UTI",,,,,,5,,,FALSE,FALSE,,FALSE,,"A hooded lantern casts bright light in a 30-foot radius and dim light for an additional 30 feet. Once lit, it burns for 6 hours on a flask (1 pint) of oil. As an action, you can lower the hood, reducing the light to dim light in a 5-foot radius.",,,FALSE,FALSE
Lock ,PHB,148,ADG,Normal,1,"TG, UTI",,,,,,10,,,FALSE,FALSE,,FALSE,,"A key is provided with the lock. Without the key, a creature proficient with thieves' tools can pick this lock with a successful DC 15 Dexterity check. Your DM may decide that better locks are available for higher prices.",,,FALSE,FALSE
Magnifying glass ,PHB,148,ADG,Normal,0,"TG, UTI",,,,,,100,,,FALSE,FALSE,,FALSE,,"This lens allows a closer look at small objects. It is also useful as a substitute for flint and steel when starting fires. Lighting a fire with a magnifying glass requires light as bright as sunlight to focus, tinder to ignite, and about 5 minutes for the fire to ignite. A magnifying glass grants advantage on any ability check made to appraise or inspect an item that is small or highly detailed.",,,FALSE,FALSE
Manacles ,PHB,148,ADG,Normal,6,"TG, UTI",,,,,,2,,,FALSE,FALSE,,FALSE,,"These metal restraints can bind a Small or Medium creature. Escaping the manacles requires a successful DC 20 Dexterity check. Breaking them requires a successful DC 20 Strength check. Each set of manacles comes with one key. Without the key, a creature proficient with thieves' tools can pick the manacles' lock with a successful DC 15 Dexterity check. Manacles have 15 hit points.",,,FALSE,FALSE
Mess kit ,PHB,148,ADG,Normal,1,"TG, UTI",,,,,,0.2,,,FALSE,FALSE,,FALSE,,"This tin box contains a cup and simple cutlery. The box clamps together, and one side can be used as a cooking pan and the other as a plate or shallow bowl.",,,FALSE,FALSE
"Mirror, steel ",PHB,148,ADG,Normal,0.5,"TG, UTI",,,,,,5,,,FALSE,FALSE,,FALSE,,"A steel mirror is handy when you want to look around corners, signal friends with reflected sunlight, keep an eye on a medusa, make sure that you look good enough to present yourself to the queen, or examine wounds that you’ve received on hard-to-see parts of your body.",,,FALSE,FALSE
Oil (flask) ,PHB,148,ADG,Normal,1,"TG, UTI, RA, BAG",,,,,,1,,,FALSE,FALSE,,FALSE,,"Oil usually comes in a clay flask that holds 1 pint. As an action, you can splash the oil in this flask onto a creature within 5 feet of you or throw it up to 20 feet, shattering it on impact. Make a ranged attack against a target creature or object, treating the oil as an improvised weapon. On a hit, the target is covered in oil. If the target takes any fire damage before the oil dries (after 1 minute), the target takes an additional 5 fire damage from the burning oil. You can also pour a flask of oil on the ground to cover a 5-foot-square area, provided that the surface is level. If lit, the oil burns for 2 rounds and deals 5 fire damage to any creature that enters the area or ends its turn in the area. A creature can take this damage only once per turn.",,,FALSE,FALSE
Paper (one sheet) ,PHB,148,ADG,Normal,0,"TG, UTI",,,,,,0.2,,,FALSE,FALSE,,FALSE,,A sheet of standard paper is made from cloth fibers.,,,FALSE,FALSE
Parchment (one sheet) ,PHB,148,ADG,Normal,0,"TG, UTI",,,,,,0.1,,,FALSE,FALSE,,FALSE,,A sheet of parchment is a piece of goat hide or sheepskin that has been prepared for writing on.,,,FALSE,FALSE
Perfume (vial) ,PHB,148,ADG,Normal,0,"TG, UTI, BAG",,,,,,5,,,FALSE,FALSE,,FALSE,,A fragrant commodity typically used by the wealthy.,,,FALSE,FALSE
"Pick, miner’s ",PHB,148,ADG,Normal,10,"TG, UTI",,,,,,2,,,FALSE,FALSE,,FALSE,,A miner's pick is designed to concentrate the force of its blow on a small area.,,,FALSE,FALSE
Piton ,PHB,148,ADG,Normal,0.25,"TG, UTI",,,,,,0.05,,,FALSE,FALSE,,FALSE,,"When a wall doesn’t offer handholds and footholds, you can make your own. A piton is a steel spike with an eye through which you can loop a rope.",,,FALSE,FALSE
Pole (10-foot) ,PHB,148,ADG,Normal,7,"TG, UTI",,,,,,0.05,,,FALSE,FALSE,,FALSE,,"When you suspect a trap, you can put the end of your 10-foot pole through that hole in the wall instead of reaching in with your hand.",,,FALSE,FALSE
"Pot, iron ",PHB,148,ADG,Normal,10,"TG, UTI",,,,,,2,,,FALSE,FALSE,,FALSE,,An iron pot can hold 1 gallon of liquid.,,,FALSE,FALSE
Pouch ,PHB,148,ADG,Normal,1,"TG, UTI, BAG",,,,,,0.5,,,FALSE,FALSE,,FALSE,,"A cloth or leather pouch can hold 1/5 cubic foot/ 6 pounds of gear - or up to 20 sling bullets or 50 blowgun needles, among other things. A compartmentalized pouch for holding spell components is called a component pouch.",,,FALSE,FALSE
Quiver ,PHB,148,ADG,Normal,1,"TG, UTI, BAG",,,,,,1,,,FALSE,FALSE,,FALSE,,A quiver can hold up to 20 arrows.,,,FALSE,FALSE
"Ram, portable ",PHB,148,ADG,Normal,35,"TG, UTI",,,,,,4,,,FALSE,FALSE,,FALSE,,"You can use a portable ram to break down doors. When doing so, you gain a +4 bonus on the Strength check. One other character can help you use the ram, giving you advantage on this check.",,,FALSE,FALSE
Rations (1 day) ,PHB,148,ADG,Normal,2,"TG, UTI, CON",,,,,,0.5,,,FALSE,FALSE,,FALSE,,"Rations consist of dry foods suitable for extended travel, including jerky, dried fruit, hardtack, and nuts.",,,FALSE,FALSE
Robes ,PHB,148,ADG,Normal,4,"TG, UTI",,,,,,1,,,FALSE,FALSE,,FALSE,,A standard set of robes.,,,FALSE,FALSE
"Rope, hempen (50 feet) ",PHB,148,ADG,Normal,10,"TG, UTI",,,,,,1,,,FALSE,FALSE,,FALSE,,"Rope, has 2 hit points and can be burst with a DC 17 Strength check.",,,FALSE,FALSE
"Rope, silk (50 feet) ",PHB,148,ADG,Normal,5,"TG, UTI",,,,,,10,,,FALSE,FALSE,,FALSE,,"Rope, has 2 hit points and can be burst with a DC 17 Strength check.",,,FALSE,FALSE
Sack ,PHB,148,ADG,Normal,0.5,"TG, UTI, BAG",,,,,,0.01,,,FALSE,FALSE,,FALSE,,A sack can hold 1 cubic foot/ 30 pounds of gear.,,,FALSE,FALSE
"Scale, merchant’s ",PHB,148,ADG,Normal,3,"TG, UTI",,,,,,5,,,FALSE,FALSE,,FALSE,,"A scale includes a small balance, pans, and a suitable assortment of weights up to 2 pounds. With it, you can measure the exact weight of small objects, such as raw precious metals or trade goods, to help determine their worth.",,,FALSE,FALSE
Sealing wax ,PHB,148,ADG,Normal,0,"TG, UTI",,,,,,0.5,,,FALSE,FALSE,,FALSE,,"When you press a signet ring into warm sealing wax, you leave an identifying mark.",,,FALSE,FALSE
Shovel ,PHB,148,ADG,Normal,5,"TG, UTI",,,,,,2,,,FALSE,FALSE,,FALSE,,A standard shovel used for digging.,,,FALSE,FALSE
Signal whistle ,PHB,148,ADG,Normal,0,"TG, UTI",,,,,,0.05,,,FALSE,FALSE,,FALSE,,A small whistle used for signaling.,,,FALSE,FALSE
Signet ring ,PHB,148,ADG,Normal,0,"TG, UTI",,,,,,5,,,FALSE,FALSE,,FALSE,,"Each signet ring has a distinctive design carved into it. When you press this ring into warm sealing wax, you leave an identifying mark.",,,FALSE,FALSE
Soap ,PHB,148,ADG,Normal,0,"TG, UTI",,,,,,0.2,,,FALSE,FALSE,,FALSE,,A commodity used for bathing.,,,FALSE,FALSE
Spellbook ,PHB,148,ADG,Normal,3,"TG, UTI, FOC",,,,,,50,,,FALSE,FALSE,,FALSE,,"Essential for wizards, a spellbook is a leather-bound tome with 100 blank vellum pages suitable for recording spells.",,,FALSE,FALSE
"Spikes, iron (10) ",PHB,148,ADG,Normal,5,"TG, UTI",,,,,,1,10,,FALSE,FALSE,,FALSE,,Standard iron spikes typically used with a hammer.,,,FALSE,FALSE
Spyglass ,PHB,148,ADG,Normal,1,"TG, UTI",,,,,,"1,000",,,FALSE,FALSE,,FALSE,,Objects viewed through a spyglass are magnified to twice their size.,,,FALSE,FALSE
"Tent, two-person ",PHB,148,ADG,Normal,20,"TG, UTI",,,,,,2,,,FALSE,FALSE,,FALSE,,"A simple and portable canvas shelter, a tent sleeps two.",,,FALSE,FALSE
Tinderbox ,PHB,148,ADG,Normal,1,"TG, UTI",,,,,,0.5,,,FALSE,FALSE,,FALSE,,"This small container holds flint, fire steel, and tinder (usually dry cloth soaked in light oil) used to kindle a fire. Using it to light a torch -- or anything else with abundant, exposed fuel -- takes an action. Lighting any other fire takes 1 minute.",,,FALSE,FALSE
Torch ,PHB,148,ADG,Normal,1,"TG, UTI",,,,,,0.01,,,FALSE,FALSE,,FALSE,,"A torch burns for 1 hour, providing bright light in a 20-foot radius and dim light for an additional 20 feet. If you make a melee attack with a burning torch and hit, it deals 1 fire damage.",,,FALSE,FALSE
Vial ,PHB,148,ADG,Normal,0,"TG, UTI, BAG",,,,,,1,,,FALSE,FALSE,,FALSE,,A vial can hold 4 ounces of liquid.,,,FALSE,FALSE
Waterskin (full),PHB,148,ADG,Normal,5,"TG, UTI, BAG, CON",,,,,,0.2,,,FALSE,FALSE,,FALSE,,A waterskin can hold 4 pints of liquid.,,,FALSE,FALSE
Whetstone ,PHB,148,ADG,Normal,1,"TG, UTI",,,,,,0.01,,,FALSE,FALSE,,FALSE,,A standard whetstone used to sharpen blades.,,,FALSE,FALSE
Arrow,PHB,150,AMM,Normal,0.05,"A, RA",,,,,,0.05,,,FALSE,FALSE,,FALSE,,"Arrows are used with a weapon that has the ammunition property to make a ranged attack. Each time you attack with the weapon, you expend one piece of ammunition. Drawing the ammunition from a quiver, case, or other container is part of the attack (you need a free hand to load a one-handed weapon). At the end of the battle, you can recover half your expended ammunition by taking a minute to search the battlefield.",,,FALSE,FALSE
Arrows (20),PHB,150,AMM,Normal,1,"A, RA",,,,,,1,20,,FALSE,FALSE,,FALSE,,"Arrows are used with a weapon that has the ammunition property to make a ranged attack. Each time you attack with the weapon, you expend one piece of ammunition. Drawing the ammunition from a quiver, case, or other container is part of the attack (you need a free hand to load a one-handed weapon). At the end of the battle, you can recover half your expended ammunition by taking a minute to search the battlefield.",,,FALSE,FALSE
Blowgun Needle,PHB,150,AMM,Normal,0.02,"A, RA",,,,,,0.02,,,FALSE,FALSE,,FALSE,,"Blowgun needles are used with a weapon that has the ammunition property to make a ranged attack. Each time you attack with the weapon, you expend one piece of ammunition. Drawing the ammunition from a quiver, case, or other container is part of the attack (you need a free hand to load a one-handed weapon). At the end of the battle, you can recover half your expended ammunition by taking a minute to search the battlefield.",,,FALSE,FALSE
Blowgun Needles (50),PHB,150,AMM,Normal,1,"A, RA",,,,,,1,50,,FALSE,FALSE,,FALSE,,"Blowgun needles are used with a weapon that has the ammunition property to make a ranged attack. Each time you attack with the weapon, you expend one piece of ammunition. Drawing the ammunition from a quiver, case, or other container is part of the attack (you need a free hand to load a one-handed weapon). At the end of the battle, you can recover half your expended ammunition by taking a minute to search the battlefield.",,,FALSE,FALSE
Crossbow Bolt,PHB,150,AMM,Normal,0.075,"A, RA",,,,,,0.05,,,FALSE,FALSE,,FALSE,,"Crossbow bolts are used with a weapon that has the ammunition property to make a ranged attack. Each time you attack with the weapon, you expend one piece of ammunition. Drawing the ammunition from a quiver, case, or other container is part of the attack (you need a free hand to load a one-handed weapon). At the end of the battle, you can recover half your expended ammunition by taking a minute to search the battlefield.",,,FALSE,FALSE
Crossbow Bolts (20),PHB,150,AMM,Normal,1.5,"A, RA",,,,,,1,20,,FALSE,FALSE,,FALSE,,"Crossbow bolts are used with a weapon that has the ammunition property to make a ranged attack. Each time you attack with the weapon, you expend one piece of ammunition. Drawing the ammunition from a quiver, case, or other container is part of the attack (you need a free hand to load a one-handed weapon). At the end of the battle, you can recover half your expended ammunition by taking a minute to search the battlefield.",,,FALSE,FALSE
Sling Bullet,PHB,150,AMM,Normal,0.075,"A, RA",,,,,,0.02,,,FALSE,FALSE,,FALSE,,"Sling bullets are used with a weapon that has the ammunition property to make a ranged attack. Each time you attack with the weapon, you expend one piece of ammunition. Drawing the ammunition from a quiver, case, or other container is part of the attack (you need a free hand to load a one-handed weapon). At the end of the battle, you can recover half your expended ammunition by taking a minute to search the battlefield.",,,FALSE,FALSE
Sling Bullets (20),PHB,150,AMM,Normal,1.5,"A, RA",,,,,,0.4,20,,FALSE,FALSE,,FALSE,,"Sling bullets are used with a weapon that has the ammunition property to make a ranged attack. Each time you attack with the weapon, you expend one piece of ammunition. Drawing the ammunition from a quiver, case, or other container is part of the attack (you need a free hand to load a one-handed weapon). At the end of the battle, you can recover half your expended ammunition by taking a minute to search the battlefield.",,,FALSE,FALSE
Crystal,PHB,151,ARF,Normal,1,FOC,,,,,,10,,,FALSE,FALSE,,FALSE,,"An arcane focus is a special item designed to channel the power of arcane spells. A sorcerer, warlock, or wizard can use such an item as a spellcasting focus, as described in the Spellcasting section.",,,FALSE,FALSE
Orb,PHB,151,ARF,Normal,3,FOC,,,,,,20,,,FALSE,FALSE,,FALSE,,"An arcane focus is a special item designed to channel the power of arcane spells. A sorcerer, warlock, or wizard can use such an item as a spellcasting focus, as described in the Spellcasting section.",,,FALSE,FALSE
Rod,PHB,151,ARF,Normal,2,FOC,,,,,,10,,,FALSE,FALSE,,FALSE,,"An arcane focus is a special item designed to channel the power of arcane spells. A sorcerer, warlock, or wizard can use such an item as a spellcasting focus, as described in the Spellcasting section.",,,FALSE,FALSE
Wand,PHB,151,ARF,Normal,1,FOC,,,,,,10,,,FALSE,FALSE,,FALSE,,"An arcane focus is a special item designed to channel the power of arcane spells. A sorcerer, warlock, or wizard can use such an item as a spellcasting focus, as described in the Spellcasting section.",,,FALSE,FALSE
Alchemist’s supplies ,PHB,154,AT,Normal,8,"TG, UTI",,,,,,50,,,FALSE,FALSE,,FALSE,,These special tools include the items needed to pursue a craft or trade. Proficiency with a set of artisan's tools lets you add your proficiency bonus to any ability checks you make using the tools in your craft. Each type of artisan's tools requires a separate proficiency.,,,FALSE,FALSE
Brewer’s supplies ,PHB,154,AT,Normal,9,"TG, UTI",,,,,,20,,,FALSE,FALSE,,FALSE,,These special tools include the items needed to pursue a craft or trade. Proficiency with a set of artisan's tools lets you add your proficiency bonus to any ability checks you make using the tools in your craft. Each type of artisan's tools requires a separate proficiency.,,,FALSE,FALSE
Calligrapher's supplies ,PHB,154,AT,Normal,5,"TG, UTI",,,,,,10,,,FALSE,FALSE,,FALSE,,These special tools include the items needed to pursue a craft or trade. Proficiency with a set of artisan's tools lets you add your proficiency bonus to any ability checks you make using the tools in your craft. Each type of artisan's tools requires a separate proficiency.,,,FALSE,FALSE
Carpenter’s tools ,PHB,154,AT,Normal,6,"TG, UTI",,,,,,8,,,FALSE,FALSE,,FALSE,,These special tools include the items needed to pursue a craft or trade. Proficiency with a set of artisan's tools lets you add your proficiency bonus to any ability checks you make using the tools in your craft. Each type of artisan's tools requires a separate proficiency.,,,FALSE,FALSE
Cartographer’s tools ,PHB,154,AT,Normal,6,"TG, UTI",,,,,,15,,,FALSE,FALSE,,FALSE,,These special tools include the items needed to pursue a craft or trade. Proficiency with a set of artisan's tools lets you add your proficiency bonus to any ability checks you make using the tools in your craft. Each type of artisan's tools requires a separate proficiency.,,,FALSE,FALSE
Cobbler’s tools ,PHB,154,AT,Normal,5,"TG, UTI",,,,,,5,,,FALSE,FALSE,,FALSE,,These special tools include the items needed to pursue a craft or trade. Proficiency with a set of artisan's tools lets you add your proficiency bonus to any ability checks you make using the tools in your craft. Each type of artisan's tools requires a separate proficiency.,,,FALSE,FALSE
Cook’s utensils ,PHB,154,AT,Normal,8,"TG, UTI",,,,,,1,,,FALSE,FALSE,,FALSE,,These special tools include the items needed to pursue a craft or trade. Proficiency with a set of artisan's tools lets you add your proficiency bonus to any ability checks you make using the tools in your craft. Each type of artisan's tools requires a separate proficiency.,,,FALSE,FALSE
Disguise kit ,PHB,154,AT,Normal,3,UTI,,,,,,25,,,FALSE,FALSE,,FALSE,,These special tools include the items needed to pursue a craft or trade. Proficiency with a set of artisan's tools lets you add your proficiency bonus to any ability checks you make using the tools in your craft. Each type of artisan's tools requires a separate proficiency.,,,FALSE,FALSE
Forgery kit ,PHB,154,AT,Normal,5,UTI,,,,,,15,,,FALSE,FALSE,,FALSE,,These special tools include the items needed to pursue a craft or trade. Proficiency with a set of artisan's tools lets you add your proficiency bonus to any ability checks you make using the tools in your craft. Each type of artisan's tools requires a separate proficiency.,,,FALSE,FALSE
Glassblower’s tools ,PHB,154,AT,Normal,5,"TG, UTI",,,,,,30,,,FALSE,FALSE,,FALSE,,These special tools include the items needed to pursue a craft or trade. Proficiency with a set of artisan's tools lets you add your proficiency bonus to any ability checks you make using the tools in your craft. Each type of artisan's tools requires a separate proficiency.,,,FALSE,FALSE
Herbalism kit ,PHB,154,AT,Normal,3,"TG, UTI",,,,,,5,,,FALSE,FALSE,,FALSE,,"This kit contains a variety of instruments such as clippers, mortar and pestle, and pouches and vials used by herbalists to create remedies and potions. Proficiency with this kit lets you add your proficiency bonus to any ability checks you make to identify or apply herbs. Also, proficiency with this kit is required to create antitoxin and any potion of healing.",,,FALSE,FALSE
Jeweler’s tools ,PHB,154,AT,Normal,2,"TG, UTI",,,,,,25,,,FALSE,FALSE,,FALSE,,These special tools include the items needed to pursue a craft or trade. Proficiency with a set of artisan's tools lets you add your proficiency bonus to any ability checks you make using the tools in your craft. Each type of artisan's tools requires a separate proficiency.,,,FALSE,FALSE
Leatherworker’s tools ,PHB,154,AT,Normal,5,"TG, UTI",,,,,,5,,,FALSE,FALSE,,FALSE,,These special tools include the items needed to pursue a craft or trade. Proficiency with a set of artisan's tools lets you add your proficiency bonus to any ability checks you make using the tools in your craft. Each type of artisan's tools requires a separate proficiency.,,,FALSE,FALSE
Mason’s tools ,PHB,154,AT,Normal,8,"TG, UTI",,,,,,10,,,FALSE,FALSE,,FALSE,,These special tools include the items needed to pursue a craft or trade. Proficiency with a set of artisan's tools lets you add your proficiency bonus to any ability checks you make using the tools in your craft. Each type of artisan's tools requires a separate proficiency.,,,FALSE,FALSE
Navigator’s tools ,PHB,154,AT,Normal,2,"TG, UTI",,,,,,25,,,FALSE,FALSE,,FALSE,,"This set of instruments is used for navigation at sea. Proficiency with navigator's tools lets you chart a ship's course and follow navigation charts. In addition, these tools allow you to add your proficiency bonus to any ability check you make to avoid getting lost at sea.",,,FALSE,FALSE
Painter’s supplies ,PHB,154,AT,Normal,5,"TG, UTI",,,,,,10,,,FALSE,FALSE,,FALSE,,These special tools include the items needed to pursue a craft or trade. Proficiency with a set of artisan's tools lets you add your proficiency bonus to any ability checks you make using the tools in your craft. Each type of artisan's tools requires a separate proficiency.,,,FALSE,FALSE
Poisoner’s kit ,PHB,154,AT,Normal,2,UTI,,,,,,50,,,FALSE,FALSE,,FALSE,,"A poisoner's kit includes the vials, chemicals, and other equipment necessary for the creation of poisons. Proficiency with this kit lets you add your proficiency bonus to any ability checks you make to craft or use poisons.",,,FALSE,FALSE
Potter’s tools ,PHB,154,AT,Normal,3,"TG, UTI",,,,,,10,,,FALSE,FALSE,,FALSE,,These special tools include the items needed to pursue a craft or trade. Proficiency with a set of artisan's tools lets you add your proficiency bonus to any ability checks you make using the tools in your craft. Each type of artisan's tools requires a separate proficiency.,,,FALSE,FALSE
Smith’s tools ,PHB,154,AT,Normal,8,"TG, UTI",,,,,,20,,,FALSE,FALSE,,FALSE,,These special tools include the items needed to pursue a craft or trade. Proficiency with a set of artisan's tools lets you add your proficiency bonus to any ability checks you make using the tools in your craft. Each type of artisan's tools requires a separate proficiency.,,,FALSE,FALSE
Thieves’ tools ,PHB,154,AT,Normal,1,"TG, UTI",,,,,,25,,,FALSE,FALSE,,FALSE,,"This set of tools includes a small file, a set of lock picks, a small mirror mounted on a metal handle, a set of narrow-bladed scissors, and a pair of pliers. Proficiency with these tools lets you add your proficiency bonus to any ability checks you make to disarm traps or open locks.",,,FALSE,FALSE
Tinker’s tools ,PHB,154,AT,Normal,10,"TG, UTI",,,,,,50,,,FALSE,FALSE,,FALSE,,These special tools include the items needed to pursue a craft or trade. Proficiency with a set of artisan's tools lets you add your proficiency bonus to any ability checks you make using the tools in your craft. Each type of artisan's tools requires a separate proficiency.,,,FALSE,FALSE
Weaver’s tools ,PHB,154,AT,Normal,5,"TG, UTI",,,,,,1,,,FALSE,FALSE,,FALSE,,These special tools include the items needed to pursue a craft or trade. Proficiency with a set of artisan's tools lets you add your proficiency bonus to any ability checks you make using the tools in your craft. Each type of artisan's tools requires a separate proficiency.,,,FALSE,FALSE
Woodcarver's tools ,PHB,154,AT,Normal,5,"TG, UTI",,,,,,1,,,FALSE,FALSE,,FALSE,,These special tools include the items needed to pursue a craft or trade. Proficiency with a set of artisan's tools lets you add your proficiency bonus to any ability checks you make using the tools in your craft. Each type of artisan's tools requires a separate proficiency.,,,FALSE,FALSE
Sprig of mistletoe ,PHB,148,DRF,Normal,0,FOC,,,,,,1,,,FALSE,FALSE,,FALSE,,"A druid can use a Sprig of Mistletoe (or holly) as a spellcasting focus, as described in the Spellcasting section.",,,FALSE,FALSE
Totem ,PHB,148,DRF,Normal,0,FOC,,,,,,1,,,FALSE,FALSE,,FALSE,,"A druid can use a Totem as a spellcasting focus, as described in the Spellcasting section.",,,FALSE,FALSE
Yew wand ,PHB,148,DRF,Normal,1,FOC,,,,,,10,,,FALSE,FALSE,,FALSE,,"A druid can use a Yew Wand as a spellcasting focus, as described in the Spellcasting section.",,,FALSE,FALSE
Alexandrite,DMG,134,GEM,Rare,1,TG,,,,,,500,,,FALSE,FALSE,,FALSE,,A transparent dark green gemstone worth 500 gold pieces,,,FALSE,FALSE
Amber,DMG,134,GEM,Uncommon,1,TG,,,,,,100,,,FALSE,FALSE,,FALSE,,A transparent watery gold to rich gold gemstone worth 100 gold pieces. ,,,FALSE,FALSE
Amethyst,DMG,134,GEM,Uncommon,1,TG,,,,,,100,,,FALSE,FALSE,,FALSE,,A transparent deep purple gemstone worth 100 gold pieces.,,,FALSE,FALSE
Aquamarine,DMG,134,GEM,Rare,1,TG,,,,,,500,,,FALSE,FALSE,,FALSE,,A transparent pale blue-green gemstone worth 500 gold pieces. ,,,FALSE,FALSE
Azurite,DMG,134,GEM,Common,1,TG,,,,,,10,,,FALSE,FALSE,,FALSE,,An opaque mottled deep blue gemstone worth 10 gold pieces,,,FALSE,FALSE
Banded agate,DMG,134,GEM,Common,1,TG,,,,,,10,,,FALSE,FALSE,,FALSE,,"A translucent striped brown, blue, white, or red gemstone worth 10 gold pieces",,,FALSE,FALSE
Black opal,DMG,134,GEM,Rare,1,TG,,,,,,1000,,,FALSE,FALSE,,FALSE,,"A translucent dark green with black mottling and golden flecks gemstone worth 1,000 gold pieces",,,FALSE,FALSE
Black pearl,DMG,134,GEM,Rare,1,TG,,,,,,500,,,FALSE,FALSE,,FALSE,,An opaque pure black gemstone worth 500 gold pieces.,,,FALSE,FALSE
Black sapphire,DMG,134,GEM,Rare,1,TG,,,,,,5000,,,FALSE,FALSE,,FALSE,,"A translucent lustrous black gemstone with glowing highlights worth 5,000 gold pieces.",,,FALSE,FALSE
Bloodstone,DMG,134,GEM,Common,1,TG,,,,,,50,,,FALSE,FALSE,,FALSE,,An opaque dark gray gemstone with red flecks worth 50 gold pieces,,,FALSE,FALSE
Blue quartz,DMG,134,GEM,Common,1,TG,,,,,,10,,,FALSE,FALSE,,FALSE,,A transparent pale blue gemstone worth 10 gold pieces,,,FALSE,FALSE
Blue sapphire,DMG,134,GEM,Rare,1,TG,,,,,,1000,,,FALSE,FALSE,,FALSE,,"A transparent blue-white to medium blue gemstone worth 1,000 gold pieces. ",,,FALSE,FALSE
Blue spinel,DMG,134,GEM,Rare,1,TG,,,,,,500,,,FALSE,FALSE,,FALSE,,A transparent deep blue gemstone worth 500 gold pieces,,,FALSE,FALSE
Carnelian,DMG,134,GEM,Common,1,TG,,,,,,50,,,FALSE,FALSE,,FALSE,,An opaque orange to red-brown gemstone worth 50 gold pieces,,,FALSE,FALSE
Chalcedony,DMG,134,GEM,Common,1,TG,,,,,,50,,,FALSE,FALSE,,FALSE,,An opaque white gemstone worth 50 gold pieces.,,,FALSE,FALSE
Chrysoberyl,DMG,134,GEM,Uncommon,1,TG,,,,,,100,,,FALSE,FALSE,,FALSE,,"A translucent light green, deep green, or white gemstone worth 100 gold pieces",,,FALSE,FALSE
Chrysoprase,DMG,134,GEM,Common,1,TG,,,,,,50,,,FALSE,FALSE,,FALSE,,A translucent green gemstone worth 50 gold pieces,,,FALSE,FALSE
Citrine,DMG,134,GEM,Common,1,TG,,,,,,50,,,FALSE,FALSE,,FALSE,,A transparent pale yellow-brown gemstone worth 50 gold pieces,,,FALSE,FALSE
Coral,DMG,134,GEM,Uncommon,1,TG,,,,,,100,,,FALSE,FALSE,,FALSE,,An opaque crimson gemstone worth 100 gold pieces,,,FALSE,FALSE
Diamond,DMG,134,GEM,Rare,1,TG,,,,,,5000,,,FALSE,FALSE,,FALSE,,"A transparent blue-white, canary, pink, brown, or blue gemstone worth 5,000 gold pieces. ",,,FALSE,FALSE
Emerald,DMG,134,GEM,Rare,1,TG,,,,,,1000,,,FALSE,FALSE,,FALSE,,"A transparent deep bright green gemstone worth 1,000 gold pieces",,,FALSE,FALSE
Eye agate,DMG,134,GEM,Common,1,TG,,,,,,10,,,FALSE,FALSE,,FALSE,,"A translucent gemstone with circles of gray, white, brown, blue, or green worth 10 gold pieces",,,FALSE,FALSE
Fire opal,DMG,134,GEM,Rare,1,TG,,,,,,1000,,,FALSE,FALSE,,FALSE,,"A translucent fiery red Gemstone worth 1,000 gold pieces.",,,FALSE,FALSE
Garnet,DMG,134,GEM,Uncommon,1,TG,,,,,,100,,,FALSE,FALSE,,FALSE,,"A transparent red, brown-green, or violet gemstone worth 100 gold pieces",,,FALSE,FALSE
Hematite,DMG,134,GEM,Common,1,TG,,,,,,10,,,FALSE,FALSE,,FALSE,,An opaque gray-black gemstone worth 10 gold pieces.,,,FALSE,FALSE
Jacinth,DMG,134,GEM,Rare,1,TG,,,,,,5000,,,FALSE,FALSE,,FALSE,,"A transparent fiery orange gem worth 5,000 gold pieces",,,FALSE,FALSE
Jade,DMG,134,GEM,Uncommon,1,TG,,,,,,100,,,FALSE,FALSE,,FALSE,,"A translucent light green, deep green, or white gemstone worth 100 gold pieces",,,FALSE,FALSE
Jasper,DMG,134,GEM,Common,1,TG,,,,,,50,,,FALSE,FALSE,,FALSE,,"An opaque blue, black, or brown gemstone worth 50 gold pieces",,,FALSE,FALSE
Jet,DMG,134,GEM,Uncommon,1,TG,,,,,,100,,,FALSE,FALSE,,FALSE,,An opaque deep black gemstone worth 100 gold pieces.,,,FALSE,FALSE
Lapis lazuli,DMG,134,GEM,Common,1,TG,,,,,,10,,,FALSE,FALSE,,FALSE,,An opaque light and dark blue gemstone with yellow flecks worth 10 gold pieces.,,,FALSE,FALSE
Malachite,DMG,134,GEM,Common,1,TG,,,,,,10,,,FALSE,FALSE,,FALSE,,An opaque striated light and dark green gemstone worth 10 gold pieces,,,FALSE,FALSE
Moonstone,DMG,134,GEM,Common,1,TG,,,,,,50,,,FALSE,FALSE,,FALSE,,A translucent white gemstone with a pale blue glow worth 50 gold pieces.,,,FALSE,FALSE
Moss agate,DMG,134,GEM,Common,1,TG,,,,,,10,,,FALSE,FALSE,,FALSE,,A translucent gemstone with pink or yellow-white with mossy gray or green markings worth 10 gold pieces,,,FALSE,FALSE
Obsidian,DMG,134,GEM,Common,1,TG,,,,,,10,,,FALSE,FALSE,,FALSE,,An opaque black gemstone worth 10 gold pieces,,,FALSE,FALSE
Onyx,DMG,134,GEM,Common,1,TG,,,,,,50,,,FALSE,FALSE,,FALSE,,"An opaque gemstone with bands of black and white, or pure black or white worth 50 gold pieces",,,FALSE,FALSE
Opal,DMG,134,GEM,Rare,1,TG,,,,,,1000,,,FALSE,FALSE,,FALSE,,"A translucent pale blue with green and golden mottling gemstone worth 1,000 gold pieces",,,FALSE,FALSE
Pearl,DMG,134,GEM,Uncommon,1,TG,,,,,,100,,,FALSE,FALSE,,FALSE,,"An opaque lustrous white, yellow, or pink gemstone worth 100 gold pieces.",,,FALSE,FALSE
Peridot,DMG,134,GEM,Rare,1,TG,,,,,,500,,,FALSE,FALSE,,FALSE,,A transparent rich olive green gemstone worth 500 gold pieces,,,FALSE,FALSE
Quartz,DMG,134,GEM,Common,1,TG,,,,,,50,,,FALSE,FALSE,,FALSE,,"A transparent white, smoky gray, or yellow gemstone worth 50 gold pieces",,,FALSE,FALSE
Rhodochrosite,DMG,134,GEM,Common,1,TG,,,,,,10,,,FALSE,FALSE,,FALSE,,An opaque light pink gemstone worth 10 gold pieces,,,FALSE,FALSE
Ruby,DMG,134,GEM,Rare,1,TG,,,,,,5000,,,FALSE,FALSE,,FALSE,,"A transparent clear red to deep crimson gemstone worth 5,000 gold pieces",,,FALSE,FALSE
Sardonyx,DMG,134,GEM,Common,1,TG,,,,,,50,,,FALSE,FALSE,,FALSE,,An opaque gemstone with bands of red and white worth 50 gold pieces.,,,FALSE,FALSE
Spinel,DMG,134,GEM,Uncommon,1,TG,,,,,,100,,,FALSE,FALSE,,FALSE,,"A transparent gemstone of red, red-brown, or deep green worth 100 gold pieces",,,FALSE,FALSE
Star rose quarts,DMG,134,GEM,Common,1,TG,,,,,,50,,,FALSE,FALSE,,FALSE,,A translucent rosy Gemstone with a white star-shaped center worth 50 gold pieces.,,,FALSE,FALSE
Star ruby,DMG,134,GEM,Rare,1,TG,,,,,,1000,,,FALSE,FALSE,,FALSE,,"A translucent ruby gemstone with a white star-shaped center worth 1,000 gold pieces. ",,,FALSE,FALSE
Star sapphire,DMG,134,GEM,Rare,1,TG,,,,,,1000,,,FALSE,FALSE,,FALSE,,"A translucent blue sapphire gemstone with a white star-shaped center worth 1,000 gold pieces. ",,,FALSE,FALSE
Tiger eye,DMG,134,GEM,Common,1,TG,,,,,,10,,,FALSE,FALSE,,FALSE,,A translucent brown gemstone with a golden center worth 10 gold pieces,,,FALSE,FALSE
Topaz,DMG,134,GEM,Rare,1,TG,,,,,,500,,,FALSE,FALSE,,FALSE,,A transparent golden yellow gemstone worth 500 gold pieces,,,FALSE,FALSE
Tourmaline,DMG,134,GEM,Uncommon,1,TG,,,,,,100,,,FALSE,FALSE,,FALSE,,"A transparent pale green, blue, brown, or red gemstone worth 100 gold pieces",,,FALSE,FALSE
Turquoise,DMG,134,GEM,Common,1,TG,,,,,,10,,,FALSE,FALSE,,FALSE,,An opaque light blue-green gemstone worth 10 gold pieces,,,FALSE,FALSE
Yellow sapphire,DMG,134,GEM,Rare,1,TG,,,,,,1000,,,FALSE,FALSE,,FALSE,,"A transparent fiery yellow or yellow-green gemstone worth 1,000 gold pieces",,,FALSE,FALSE
Zircon,DMG,134,GEM,Common,1,TG,,,,,,50,,,FALSE,FALSE,,FALSE,,A transparent pale blue-green gemstone worth 50 gold pieces. ,,,FALSE,FALSE
Dice set ,PHB,154,GS,Normal,0,"TG, UTI",,,,,,0.1,,,FALSE,FALSE,,FALSE,,"If you are proficient with a gaming set, you can add your proficiency bonus to ability checks you make to play a game with that set.",,,FALSE,FALSE
Dragonchess set ,PHB,154,GS,Normal,0.5,"TG, UTI",,,,,,1,,,FALSE,FALSE,,FALSE,,"If you are proficient with a gaming set, you can add your proficiency bonus to ability checks you make to play a game with that set.",,,FALSE,FALSE
Playing card set ,PHB,154,GS,Normal,0,"TG, UTI",,,,,,0.5,,,FALSE,FALSE,,FALSE,,"If you are proficient with a gaming set, you can add your proficiency bonus to ability checks you make to play a game with that set.",,,FALSE,FALSE
Three-Dragon Ante set ,PHB,154,GS,Normal,0,"TG, UTI",,,,,,1,,,FALSE,FALSE,,FALSE,,"If you are proficient with a gaming set, you can add your proficiency bonus to ability checks you make to play a game with that set.",,,FALSE,FALSE
Chain Mail,PHB,145,HEA,Normal,55,WAR,,,,,,75,,,FALSE,FALSE,,TRUE,16,"Made of interlocking metal rings, chain mail includes a layer of quilted fabric worn underneath the mail to prevent chafing and to cushion the impact of blows. The suit includes gauntlets.",,13,TRUE,FALSE
Plate Armor,PHB,145,HEA,Normal,65,WAR,,,,,,1500,,,FALSE,FALSE,,TRUE,18,"Plate consists of shaped, interlocking metal plates to cover the entire body. A suit of plate includes gauntlets, heavy leather boots, a visored helmet, and thick layers of padding underneath the armor. Buckles and straps distribute the weight over the body.",,15,TRUE,FALSE
Ring Mail,PHB,145,HEA,Normal,40,WAR,,,,,,30,,,FALSE,FALSE,,TRUE,14,"This armor is leather armor with heavy rings sewn into it. The rings help reinforce the armor against blows from swords and axes. Ring mail is inferior to chain mail, and it's usually worn only by those who can't afford better armor.",,,TRUE,FALSE
Splint Armor,PHB,145,HEA,Normal,60,WAR,,,,,,200,,,FALSE,FALSE,,TRUE,17,This armor is made of narrow vertical strips of metal riveted to a backing of leather that is worn over cloth padding. Flexible chain mail protects the joints.,,15,TRUE,FALSE
Amulet ,PHB,148,HOF,Normal,1,FOC,,,,,,5,,,FALSE,FALSE,,FALSE,,"A holy symbol is a representation of a god or pantheon. A cleric or paladin can use a holy symbol as a spellcasting focus, as described in the Spellcasting section. To use the symbol in this way, the caster must hold it in hand, wear it visibly, or bear it on a shield.",,,FALSE,FALSE
Emblem ,PHB,148,HOF,Normal,0,FOC,,,,,,5,,,FALSE,FALSE,,FALSE,,"A holy symbol is a representation of a god or pantheon. A cleric or paladin can use a holy symbol as a spellcasting focus, as described in the Spellcasting section. To use the symbol in this way, the caster must hold it in hand, wear it visibly, or bear it on a shield.",,,FALSE,FALSE
Reliquary ,PHB,148,HOF,Normal,2,FOC,,,,,,5,,,FALSE,FALSE,,FALSE,,"A holy symbol is a representation of a god or pantheon. A cleric or paladin can use a holy symbol as a spellcasting focus, as described in the Spellcasting section. To use the symbol in this way, the caster must hold it in hand, wear it visibly, or bear it on a shield.",,,FALSE,FALSE
Bagpipes ,PHB,154,INS,Normal,6,"TG, UTI, FOC",,,,,,30,,,FALSE,FALSE,,FALSE,,"If you have proficiency with a given musical instrument, you can add your proficiency bonus to any ability checks you make to play music with the instrument. A bard can use a musical instrument as a spellcasting focus.",,,FALSE,FALSE
Drum ,PHB,154,INS,Normal,3,"TG, UTI, FOC",,,,,,6,,,FALSE,FALSE,,FALSE,,"If you have proficiency with a given musical instrument, you can add your proficiency bonus to any ability checks you make to play music with the instrument. A bard can use a musical instrument as a spellcasting focus.",,,FALSE,FALSE
Dulcimer ,PHB,154,INS,Normal,10,"TG, UTI, FOC",,,,,,25,,,FALSE,FALSE,,FALSE,,"If you have proficiency with a given musical instrument, you can add your proficiency bonus to any ability checks you make to play music with the instrument. A bard can use a musical instrument as a spellcasting focus.",,,FALSE,FALSE
Flute ,PHB,154,INS,Normal,1,"TG, UTI, FOC",,,,,,2,,,FALSE,FALSE,,FALSE,,"If you have proficiency with a given musical instrument, you can add your proficiency bonus to any ability checks you make to play music with the instrument. A bard can use a musical instrument as a spellcasting focus.",,,FALSE,FALSE
Horn ,PHB,154,INS,Normal,2,"TG, UTI, FOC",,,,,,3,,,FALSE,FALSE,,FALSE,,"If you have proficiency with a given musical instrument, you can add your proficiency bonus to any ability checks you make to play music with the instrument. A bard can use a musical instrument as a spellcasting focus.",,,FALSE,FALSE
Lute ,PHB,154,INS,Normal,2,"TG, UTI",,,,,,35,,,FALSE,FALSE,,FALSE,,"If you have proficiency with a given musical instrument, you can add your proficiency bonus to any ability checks you make to play music with the instrument. A bard can use a musical instrument as a spellcasting focus.",,,FALSE,FALSE
Lyre ,PHB,154,INS,Normal,2,"TG, UTI",,,,,,30,,,FALSE,FALSE,,FALSE,,"If you have proficiency with a given musical instrument, you can add your proficiency bonus to any ability checks you make to play music with the instrument. A bard can use a musical instrument as a spellcasting focus.",,,FALSE,FALSE
Pan flute ,PHB,154,INS,Normal,2,"TG, UTI",,,,,,12,,,FALSE,FALSE,,FALSE,,"If you have proficiency with a given musical instrument, you can add your proficiency bonus to any ability checks you make to play music with the instrument. A bard can use a musical instrument as a spellcasting focus.",,,FALSE,FALSE
Shawm ,PHB,154,INS,Normal,1,"TG, UTI",,,,,,2,,,FALSE,FALSE,,FALSE,,"If you have proficiency with a given musical instrument, you can add your proficiency bonus to any ability checks you make to play music with the instrument. A bard can use a musical instrument as a spellcasting focus.",,,FALSE,FALSE
Viol ,PHB,154,INS,Normal,1,"TG, UTI",,,,,,30,,,FALSE,FALSE,,FALSE,,"If you have proficiency with a given musical instrument, you can add your proficiency bonus to any ability checks you make to play music with the instrument. A bard can use a musical instrument as a spellcasting focus.",,,FALSE,FALSE
Leather Armor,PHB,144,LIA,Normal,10,WAR,,,,,,10,,,FALSE,FALSE,,TRUE,11,The breastplate and shoulder protectors of this armor are made of leather that has been stiffened by being boiled in oil. The rest of the armor is made of softer and more flexible materials.,,,FALSE,FALSE
Padded Armor,PHB,144,LIA,Normal,8,WAR,,,,,,5,,,FALSE,FALSE,,TRUE,11,Padded armor consists of quilted layers of cloth and batting.,,,TRUE,FALSE
Studded Leather Armor,PHB,144,LIA,Normal,13,WAR,,,,,,45,,,FALSE,FALSE,,TRUE,12,"Made from tough but flexible leather, studded leather is reinforced with close-set rivets or spikes.",,,FALSE,FALSE
Breastplate,PHB,145,MEA,Normal,20,WAR,,,,,,400,,,FALSE,FALSE,,TRUE,14,"This armor consists of a fitted metal chest piece worn with supple leather. Although it leaves the legs and arms relatively unprotected, this armor provides good protection for the wearer's vital organs while leaving the wearer relatively unencumbered.",,,FALSE,FALSE
Chain Shirt,PHB,144,MEA,Normal,20,WAR,,,,,,50,,,FALSE,FALSE,,TRUE,13,"Made of interlocking metal rings, a chain shirt is worn between layers of clothing or leather. This armor offers modest protection to the wearer's upper body and allows the sound of the rings rubbing against one another to be muffled by outer layers.",,,FALSE,FALSE
Half Plate Armor,PHB,145,MEA,Normal,40,WAR,,,,,,750,,,FALSE,FALSE,,TRUE,15,Half plate consists of shaped metal plates that cover most of the wearer's body. It does not include leg protection beyond simple greaves that are attached with leather straps.,,,TRUE,FALSE
Hide Armor,PHB,144,MEA,Normal,12,WAR,,,,,,10,,,FALSE,FALSE,,TRUE,12,"This crude armor consists of thick furs and pelts. It is commonly worn by barbarian tribes, evil humanoids, and other folk who lack access to the tools and materials needed to create better armor.",,,FALSE,FALSE
Scale Mail,PHB,144,MEA,Normal,45,WAR,,,,,,50,,,FALSE,FALSE,,TRUE,14,"This armor consists of a coat and leggings (and perhaps a separate skirt) of leather covered with overlapping pieces of metal, much like the scales of a fish. The suit includes gauntlets.",,,TRUE,FALSE
Spiked Armor,SCAG,121,MEA,Normal,45,WAR,,,,,,75,,,FALSE,FALSE,,TRUE,14,Spiked armor is a rare type of medium armor made by dwarves. It consists of a leather coat and leggings covered with spikes that are usually made of metal.,,,TRUE,FALSE
Battleaxe,PHB,149,MEW,Normal,4,"V, MAR, ME",,,1d8,S,,10,,1d10,FALSE,TRUE,axe,FALSE,,Proficiency with a battleaxe allows you to add your proficiency bonus to the attack roll for any attack you make with it.,,,FALSE,FALSE
Club,PHB,149,MEW,Normal,2,"ME, SIM, L",,,1d4,B,,0.1,,,FALSE,TRUE,club,FALSE,,Proficiency with a club allows you to add your proficiency bonus to the attack roll for any attack you make with it.,,,FALSE,FALSE
Dagger,PHB,149,MEW,Normal,1,"F, L, T, ME, SIM, RA",20/60,,1d4,P,,2,,,FALSE,TRUE,dagger,FALSE,,Proficiency with a dagger allows you to add your proficiency bonus to the attack roll for any attack you make with it.,,,FALSE,FALSE
Double-Bladed Scimitar,ERLW,21,MEW,Normal,6,"S, 2H, MAR, ME",,,2d4,S,,100,,,FALSE,TRUE,sword,FALSE,,"If you attack with a double-bladed scimitar as part of the Attack action on your turn, you can use a bonus action immediately after to make a melee attack with it. This attack deals 1d4 slashing damage on a hit, instead of 2d4.",,,FALSE,FALSE
Flail,PHB,149,MEW,Normal,2,"MAR, ME",,,1d8,B,,10,,,FALSE,TRUE,flail,FALSE,,Proficiency with a flail allows you to add your proficiency bonus to the attack roll for any attack you make with it.,,,FALSE,FALSE
Glaive,PHB,149,MEW,Normal,6,"H, R, 2H, MAR, ME",,,1d10,S,,20,,,FALSE,TRUE,glaive,FALSE,,Proficiency with a glaive allows you to add your proficiency bonus to the attack roll for any attack you make with it.,,,FALSE,FALSE
Greataxe,PHB,149,MEW,Normal,7,"H, 2H, MAR, ME",,,1d12,S,,30,,,FALSE,TRUE,axe,FALSE,,Proficiency with a greataxe allows you to add your proficiency bonus to the attack roll for any attack you make with it.,,,FALSE,FALSE
Greatclub,PHB,149,MEW,Normal,10,"2H, SIM",,,1d8,B,,0.2,,,FALSE,TRUE,club,FALSE,,Proficiency with a greatclub allows you to add your proficiency bonus to the attack roll for any attack you make with it.,,,FALSE,FALSE
Greatsword,PHB,149,MEW,Normal,6,"H, 2H, MAR, ME",,,2d6,S,,50,,,FALSE,TRUE,sword,FALSE,,Proficiency with a greatsword allows you to add your proficiency bonus to the attack roll for any attack you make with it.,,,FALSE,FALSE
Halberd,PHB,149,MEW,Normal,6,"H, R, MAR, ME, 2H",,,1d10,S,,20,,,FALSE,TRUE,halberd,FALSE,,Proficiency with a halberd allows you to add your proficiency bonus to the attack roll for any attack you make with it.,,,FALSE,FALSE
Handaxe,PHB,149,MEW,Normal,2,"L, T, RA, ME, SIM",20/60,,1d6,S,,5,,,FALSE,TRUE,axe,FALSE,,Proficiency with a handaxe allows you to add your proficiency bonus to the attack roll for any attack you make with it.,,,FALSE,FALSE
Hooked Shortspear,OotA,224,MEW,Normal,2,"L, T, RA, ME, SIM",,,1d4,P,,2500,,,FALSE,TRUE,spear,FALSE,,"On a hit with this weapon, the wielder can forgo dealing damage and attempt to trip the target, in which case the target must succeed on a Strength saving throw or fall {@condition prone}. The DC is 8 + the wielder's Strength modifier + the wielder's proficiency bonus.",,,FALSE,FALSE
Javelin,PHB,149,MEW,Normal,2,"T, RA, ME, SIM",30/120,,1d6,P,,0.5,,,FALSE,TRUE,spear,FALSE,,Proficiency with a javelin allows you to add your proficiency bonus to the attack roll for any attack you make with it.,,,FALSE,FALSE
Lance,PHB,149,MEW,Normal,6,"R, ME, 2H, MAR",,,1d12,P,,10,,,FALSE,TRUE,custom,FALSE,,Proficiency with a lance allows you to add your proficiency bonus to the attack roll for any attack you make with it.,"You have disadvantage when you use a lance to attack a target within 5 feet of you. Also, a lance requires two hands to wield when you aren't mounted.",,FALSE,FALSE
Light Hammer,PHB,149,MEW,Normal,2,"L, T, ME, RA, SIM",20/60,,1d4,B,,2,,,FALSE,TRUE,hammer,FALSE,,Proficiency with a light hammer allows you to add your proficiency bonus to the attack roll for any attack you make with it.,,,FALSE,FALSE
Longsword,PHB,149,MEW,Normal,3,"V, MAR, ME",,,1d8,S,,15,,1d10,FALSE,TRUE,sword,FALSE,,Proficiency with a longsword allows you to add your proficiency bonus to the attack roll for any attack you make with it.,,,FALSE,FALSE
Mace,PHB,149,MEW,Normal,4,"ME, SIM",,,1d6,B,,5,,,FALSE,TRUE,mace,FALSE,,Proficiency with a mace allows you to add your proficiency bonus to the attack roll for any attack you make with it.,,,FALSE,FALSE
Maul,PHB,149,MEW,Normal,10,"H, 2H, MAR, ME",,,2d6,B,,10,,,FALSE,TRUE,hammer,FALSE,,Proficiency with a maul allows you to add your proficiency bonus to the attack roll for any attack you make with it.,,,FALSE,FALSE
Morningstar,PHB,149,MEW,Normal,4,"MAR, ME",,,1d8,P,,15,,,FALSE,TRUE,mace,FALSE,,Proficiency with a morningstar allows you to add your proficiency bonus to the attack roll for any attack you make with it.,,,FALSE,FALSE
Pike,PHB,149,MEW,Normal,18,"H, R, 2H, MAR, ME",,,1d10,P,,5,,,FALSE,TRUE,pike,FALSE,,Proficiency with a pike allows you to add your proficiency bonus to the attack roll for any attack you make with it.,,,FALSE,FALSE
Quarterstaff,PHB,149,MEW,Normal,4,"V, ME",,,1d6,B,,0.2,,1d8,FALSE,TRUE,staff,FALSE,,Proficiency with a quarterstaff allows you to add your proficiency bonus to the attack roll for any attack you make with it.,,,FALSE,FALSE
Rapier,PHB,149,MEW,Normal,2,"F, ME, MAR",,,1d8,P,,25,,,FALSE,TRUE,sword,FALSE,,Proficiency with a rapier allows you to add your proficiency bonus to the attack roll for any attack you make with it.,,,FALSE,FALSE
Scimitar,PHB,149,MEW,Normal,3,"F, L, ME, MAR",,,1d6,S,,25,,,FALSE,TRUE,sword,FALSE,,Proficiency with a scimitar allows you to add your proficiency bonus to the attack roll for any attack you make with it.,,,FALSE,FALSE
Shortsword,PHB,149,MEW,Normal,2,"F, L, ME, MAR",,,1d6,P,,10,,,FALSE,TRUE,sword,FALSE,,Proficiency with a shortsword allows you to add your proficiency bonus to the attack roll for any attack you make with it.,,,FALSE,FALSE
Sickle,PHB,149,MEW,Normal,2,"L, SIM, ME",,,1d4,S,,1,,,FALSE,TRUE,custom,FALSE,,Proficiency with a sickle allows you to add your proficiency bonus to the attack roll for any attack you make with it.,,,FALSE,FALSE
Spear,PHB,149,MEW,Normal,3,"T, V, ME, SIM",20/60,,1d6,P,,1,,1d8,FALSE,TRUE,spear,FALSE,,Proficiency with a spear allows you to add your proficiency bonus to the attack roll for any attack you make with it.,,,FALSE,FALSE
Staff,PHB,151,MEW,Normal,4,"V, ME, SIM, FOC",,,1d6,B,,5,,1d8,FALSE,FALSE,staff,FALSE,,"Staffs are sometimes wielded by Wizards as spellcasting focus, but they pack a wallop when swung right.",,,FALSE,FALSE
Trident,PHB,149,MEW,Normal,4,"T, V, ME, MAR",20/60,,1d6,P,,5,,1d8,FALSE,TRUE,spear,FALSE,,Proficiency with a trident allows you to add your proficiency bonus to the attack roll for any attack you make with it.,,,FALSE,FALSE
War Pick,PHB,149,MEW,Normal,2,"ME, MAR",,,1d8,P,,5,,,FALSE,TRUE,mace,FALSE,,Proficiency with a war pick allows you to add your proficiency bonus to the attack roll for any attack you make with it.,,,FALSE,FALSE
Warhammer,PHB,149,MEW,Normal,2,"V, MAR, ME",,,1d8,B,,15,,1d8,FALSE,TRUE,hammer,FALSE,,Proficiency with a warhammer allows you to add your proficiency bonus to the attack roll for any attack you make with it.,,,FALSE,FALSE
Whip,PHB,149,MEW,Normal,3,"F, R, MAR, ME",,,1d4,S,,2,,,FALSE,TRUE,custom,FALSE,,Proficiency with a whip allows you to add your proficiency bonus to the attack roll for any attack you make with it.,,,FALSE,FALSE
Wooden Staff,PHB,151,MEW,Normal,4,"V, SIM, ME, FOC",,,1d6,B,,5,,1d8,FALSE,FALSE,staff,FALSE,,"A druid can use a Wooden Staff as a spellcasting focus, as described in the Spellcasting section.",,,FALSE,FALSE
Yklwa,ToA,32,MEW,Normal,3,"T, SIM, ME",Oct-30,,1d8,P,,1,,,FALSE,TRUE,custom,FALSE,,"A yklwa (pronounced YICK-ul-wah) is a simple melee weapon that is the traditional weapon of Chultan warriors. A yklwa consists of a 3-foot wooden shaft with a steel or stone blade up to 18 inches long. Although it has the thrown weapon property, the yklwa is not well balanced for throwing.",,,FALSE,FALSE
Back Sap,EGW,,POT,Uncommon,0.5,"TG, CON, UTI",,,,,,300,,,FALSE,FALSE,,FALSE,,This tarry substance harvested from the dark boughs of the death’s head willow is a powerful intoxicant. It can be smoked as a concentrate or injected directly into the bloodstream. A creature subjected to a dose of black sap cannot be charmed or frightened for 1d6 hours.,"For each dose of black sap consumed, a creature must succeed on a DC 15 Constitution saving throw or become poisoned for 2d4 hours—an effect that is cumulative with multiple doses.",,FALSE,FALSE
Blight Ichor,EGW,,POT,Uncommon,0.5,"TG, CON, UTI",,,,,,200,,,FALSE,FALSE,,FALSE,,"This bitter chartreuse concoction is distilled from a fungus native to the Blightshore badlands. The sickly green liqueur harbors potent psychedelic properties. Provided it is neither a construct nor undead, a creature subjected to a dose of blight ichor gains advantage on Intelligence and Wisdom checks, as well as vulnerability to psychic damage, for 1 hour. For each dose of blight ichor consumed, the creature must succeed on a DC 15 Constitution saving throw or become poisoned for 1d6 hours and suffer the effects of a confusion spell for 1 minute. An undead creature subjected to a dose of blight ichor gains advantage on all Dexterity checks and is immune to the frightened condition for 1 hour.",,,FALSE,FALSE
Murgaxor's Elixir of Life,STRXCC,,POT,Common,0.5,"TG, CON, UTI",,,,,,50,,,FALSE,FALSE,,FALSE,,Whoever drinks this concoction gains advantage on death saving throws for 24 hours.,,,FALSE,FALSE
Muroosa Balm,EGW,,POT,Common,0.5,"TG, CON, UTI",,,,,,100,,,FALSE,FALSE,,FALSE,,"This paste made from the muroosa bush is known to help prevent sunburn, but it is also a fire retardant. After spending 1 minute applying a quarter pint of muroosa balm to your skin, you gain resistance against fire damage for 1 hour.",,,FALSE,FALSE
Olisuba Leaf,EGW,,POT,Common,0.5,"TG, CON, UTI",,,,,,50,,,FALSE,FALSE,,FALSE,,"These dried leaves of the Olisuba tree, when steeped to make a tea, can help a body recover from strenuous activity. If you drink a dose of Olisuba tea during a long rest, your exhaustion level is reduced by 2 instead of 1 at the end of that long rest.",,,FALSE,FALSE
Potion of healing ,PHB,148,POT,Normal,0.5,"TG, UTI, CON",,,,,,50,,,FALSE,FALSE,,FALSE,,A character who drinks the magical red fluid in this vial regains 2d4 + 2 hit points. Drinking or administering a potion takes an action.,,,FALSE,FALSE
Soothsalts,EGW,,POT,Uncommon,0.5,"TG, CON, UTI",,,,,,150,,,FALSE,FALSE,,FALSE,,"Soothsalts are derived from a naturally occurring crystalline substance discovered throughout the wilds of the Miskath Strand. The crimson crystals have been mined from cavernous veins like those in the mouth of the Miskath Pit and found within smaller geode formations near sites ravaged by the Calamity. Soothsalts are consumed orally in lozenge-sized doses, and frequent users can be identified by the telltale crimson stain around their mouths. A creature subjected to a dose of soothsalts gains advantage on all Intelligence checks for 1d4 hours.","For each dose of soothsalts consumed, the creature must succeed on a DC 15 Constitution saving throw or gain one level of exhaustion—an effect which is cumulative with multiple doses.",,FALSE,FALSE
Theki Root,EGW,,POT,Common,0.5,"TG, CON, UTI",,,,,,3,,,FALSE,FALSE,,FALSE,,"This thick marsh root tastes bitter but is thought to aid digestive health. When you use an action to consume a dose, you gain advantage on saving throws against the effects of poisonous or toxic substances for 8 hours.",,,FALSE,FALSE
Willowshade Oil,EGW,,POT,Common,0.5,"TG, CON, UTI",,,,,,30,,,FALSE,FALSE,,FALSE,,"A dark blue oil can be extracted from the rare fruit of the willowshade plant. A creature can use its action to apply the oil to another creature that has been petrified for less than 1 minute, causing the petrified condition on that creature to end at the start of what would be that creature’s next turn.",,,FALSE,FALSE
"Poison, basic (vial) ",PHB,148,PSN,Normal,0,"UTI, CON",,,,,,100,,,FALSE,FALSE,,FALSE,,"You can use the poison in this vial to coat one slashing or piercing weapon or up to three pieces of ammunition. Applying the poison takes an action. A creature hit by the poisoned weapon or ammunition must make a DC 10 Constitution saving throw or take 1d4 poison damage. Once applied, the poison retains potency for 1 minute before drying.",,,FALSE,FALSE
Blowgun,PHB,149,RAW,Normal,1,"A, RA, LD, MAR",25/100,,1,P,blowgun needle,10,,,FALSE,TRUE,blowgun,FALSE,,Proficiency with a blowgun allows you to add your proficiency bonus to the attack roll for any attack you make with it.,,,FALSE,FALSE
Dart,PHB,149,RAW,Normal,0.25,"F, T, SIM, RA",20/60,,1d4,P,,0.05,,,FALSE,TRUE,,FALSE,,Proficiency with a dart allows you to add your proficiency bonus to the attack roll for any attack you make with it.,,,FALSE,FALSE
Hand Crossbow,PHB,149,RAW,Normal,3,"A, L, LD, RA, MAR",30/120,,1d6,P,crossbow bolt,75,,,FALSE,TRUE,,FALSE,,Proficiency with a hand crossbow allows you to add your proficiency bonus to the attack roll for any attack you make with it.,,,FALSE,FALSE
Heavy Crossbow,PHB,149,RAW,Normal,18,"A, RA, H, LD, MAR, 2H",100/400,,1d10,P,crossbow bolt,50,,,FALSE,TRUE,crossbow,FALSE,,Proficiency with a heavy crossbow allows you to add your proficiency bonus to the attack roll for any attack you make with it.,,,FALSE,FALSE
Light Crossbow,PHB,149,RAW,Normal,5,"A, LD, 2H, RA, SIM",80/320,,1d8,P,crossbow bolt,25,,,FALSE,TRUE,crossbow,FALSE,,Proficiency with a light crossbow allows you to add your proficiency bonus to the attack roll for any attack you make with it.,,,FALSE,FALSE
Light Repeating Crossbow,OotA,224,RAW,Normal,5,"A, 2H, RA, SIM",40/160,,1d8,P,crossbow bolt,4500,,,FALSE,TRUE,crossbow,FALSE,,This crossbow is fitted with a cartridge that can hold up to six crossbow bolts. It automatically reloads after firing until the cartridge runs out of ammunition. Reloading the cartridge takes an action.,,,FALSE,FALSE
Longbow,PHB,149,RAW,Normal,2,"A, H, 2H, MAR, RA",150/600,,1d8,P,arrow,50,,,FALSE,TRUE,bow,FALSE,,Proficiency with a longbow allows you to add your proficiency bonus to the attack roll for any attack you make with it.,,,FALSE,FALSE
Net,PHB,149,RAW,Normal,3,"T, MAR",May-15,,,,,1,,,FALSE,TRUE,net,FALSE,,Proficiency with a net allows you to add your proficiency bonus to the attack roll for any attack you make with it.,"A Large or smaller creature hit by a net is restrained until it is freed. A net has no effect on creatures that are formless, or creatures that are Huge or larger. A creature can use its action to make a DC 10 Strength check, freeing itself or another creature within its reach on a success. Dealing 5 slashing damage to the net (AC 10) also frees the creature without harming it, ending the effect and destroying the net. When you use an action, bonus action, or reaction to attack with a net, you can make only one attack regardless of the number of attacks you can normally make.",,FALSE,FALSE
Shortbow,PHB,149,RAW,Normal,2,"A, 2H, RA, SIM",80/320,,1d6,P,arrow,25,,,FALSE,TRUE,bow,FALSE,,Proficiency with a shortbow allows you to add your proficiency bonus to the attack roll for any attack you make with it.,,,FALSE,FALSE
Sling,PHB,149,RAW,Normal,1,"A, RA, SIM",30/120,,1d4,B,sling bullet,0.1,,,FALSE,TRUE,sling,FALSE,,Proficiency with a sling allows you to add your proficiency bonus to the attack roll for any attack you make with it.,,,FALSE,FALSE
Shield,PHB,144,SHE,Normal,6,"ME, WAR",,,,,,10,,,FALSE,FALSE,,FALSE,2,A shield is made from wood or metal and is carried in one hand. Wielding a shield increases your Armor Class by 2. You can benefit from only one shield at a time.,,,FALSE,FALSE
